
{
    "region" : "us-east-1",
    "configuration" : "Debug",
    "framework"     : "net6.0",
    "self-contained" : false,
    "application"    : "GroupProjectDanielandSimonHotelApplication",
    "environment"    : "ebs-hotelapp",
    "enable-xray"    : false,
    "enhanced-health-type" : "enhanced",
    "additional-options"   : "\"aws:autoscaling:launchconfiguration,SecurityGroups\"=\"sg-0d2504ae72224670c\";\"aws:ec2:vpc,Subnets\"=\"subnet-0ac5c9e3cf19b8dd1\"",
    "solution-stack"       : "64bit Amazon Linux 2 v2.3.3 running .NET Core",
    "environment-type"     : "SingleInstance",
    "cname"                : "ebs-hotelapp",
    "instance-type"        : "t2.micro",
    "key-pair"             : "keypair306",
    "instance-profile"     : "aws-elasticbeanstalk-ec2-role",
    "service-role"         : "aws-elasticbeanstalk-service-role",
    "proxy-server"         : "nginx"
}